1628|El Padrino|Francis Ford Coppola|Marlon Brando,Al Pacino,James Caan||20 de octubre de 1972|//s3.vid.web.acsta.net/ES/nmedia/35/18/68/09/14/19425076_sd_013.mp4|4,7|4,8||Crimen,Drama
9393|La lista de Schindler|Steven Spielberg|Liam Neeson,Ben Kingsley,Ralph Fiennes||4 de marzo de 1994|//s3.vid.web.acsta.net/ES/nmedia/35/18/67/61/69/19425626_sd_013.mp4|4,6|4,7|3,0|Histórico,Drama,Guerra,Biografía
28201|El Padrino. Parte II|Francis Ford Coppola|Al Pacino,Robert De Niro,Diane Keaton||13 de octubre de 1975|//s3.vid.web.acsta.net/ES/nmedia/35/18/68/09/06/19426978_sd_013.mp4|4,6|3,9||Crimen,Drama
11736|Cadena perpetua|Frank Darabont|Tim Robbins,Morgan Freeman,Bob Gunton||24 de febrero de 1995|//es.vid.web.acsta.net/nmedia/35/13/10/14/11/19535101_sd_013.mp4|4,5|4,3|4,0|Drama
10568|Forrest Gump|Robert Zemeckis|Tom Hanks,Gary Sinise,Robin Wright||23 de septiembre de 1994|//s3.vid.web.acsta.net/ES/nmedia/35/18/93/24/15/19426780_sd_013.mp4|4,5|4,1|3,5|Comedia dramática,Romántico
115362|El caballero oscuro|Christopher Nolan|Christian Bale,Heath Ledger,Aaron Eckhart||13 de agosto de 2008|//s3.vid.web.acsta.net/ES/nmedia/35/18/66/74/01/18820390_sd_013.mp4|4,5|5,0|3,5|Acción,Drama,Suspense
182745|Intocable|Eric Toledano,Olivier Nakache|François Cluzet,Omar Sy,Anne Le Ny||9 de marzo de 2012|//s3.vid.web.acsta.net/ES/nmedia/35/18/85/88/72/19304237_sd_013.mp4|4,5|2,5|2,0|Comedia
10126|Pulp Fiction|Quentin Tarantino|John Travolta,Samuel L. Jackson,Uma Thurman||13 de enero de 1995|//es.vid.web.acsta.net/nmedia/34/17/05/25/15/19553934_sd_013.mp4|4,5|4,6|4,5|Crimen,Suspense
10862|El Rey León|Roger Allers,Rob Minkoff|Matthew Broderick,Jonathan Taylor,James Earl Jones||11 de noviembre de 1994|//s3.vid.web.acsta.net/ES/nmedia/35/18/68/20/31/19248378_sd_013.mp4|4,5|4,5|2,0|Animación,Aventura,Familia
27070|El Señor de los Anillos: La Comunidad del Anillo|Peter Jackson|Elijah Wood,Sean Astin,Ian McKellen||21 de diciembre de 2001|//s3.vid.web.acsta.net/ES/nmedia/35/18/89/67/45/19360378_sd_013.mp4|4,5|4,6|4,0|Fantasía,Aventura,Acción
206775|Coco|Lee Unkrich,Adrian Molina|Anthony Gonzalez (VIII),Benjamin Bratt,Gael García Bernal||1 de diciembre de 2017|//es.vid.web.acsta.net/nmedia/34/17/12/01/14/19556406_sd_013.mp4|4,5|4,0|4,0|Animación,Fantasía
24944|Gladiator (El gladiador)|Ridley Scott|Russell Crowe,Joaquin Phoenix,Connie Nielsen||17 de mayo de 2000|//s3.vid.web.acsta.net/ES/nmedia/35/18/70/92/02/19361048_sd_013.mp4|4,5|3,9|2,0|Épico,Aventura,Drama,Acción
64439|La vida es bella|Roberto Benigni|Roberto Benigni,Horst Buchholz,Marisa Paredes||26 de febrero de 1999|//s3.vid.web.acsta.net/ES/nmedia/35/18/67/61/66/19426849_sd_013.mp4|4,5|4,2|2,5|Drama,Comedia,Guerra
39186|El Señor de los Anillos: Las dos torres|Peter Jackson|Elijah Wood,Sean Astin,Viggo Mortensen||18 de diciembre de 2002|//s3.vid.web.acsta.net/ES/nmedia/35/18/89/85/69/19360396_sd_013.mp4|4,5|4,5|3,5|Fantasía,Aventura,Acción
25802|Star Wars : Episodio V - El imperio contraataca|Irvin Kershner|Mark Hamill,Harrison Ford,Carrie Fisher||3 de octubre de 1980|//s3.vid.web.acsta.net/ES/nmedia/35/18/72/73/89/19432514_sd_013.mp4|4,5|3,7||Ciencia ficción,Aventura,Fantasía
25801|Star Wars: Episodio IV - Una nueva esperanza (La guerra de las galaxias)|George Lucas|Mark Hamill,Harrison Ford,Carrie Fisher||7 de noviembre de 1977|//s3.vid.web.acsta.net/ES/nmedia/35/18/71/18/12/19426784_sd_013.mp4|4,5|4,8||Ciencia ficción,Aventura,Fantasía
10080|Braveheart|Mel Gibson|Mel Gibson,Sophie Marceau,Catherine McCormack||6 de octubre de 1995|//s3.vid.web.acsta.net/ES/nmedia/35/18/74/25/88/19426827_sd_013.mp4|4,4|4,3|3,5|Histórico,Aventura,Biografía,Guerra
132874|El caballero oscuro. La leyenda renace|Christopher Nolan|Christian Bale,Gary Oldman,Tom Hardy||20 de julio de 2012|//s3.vid.web.acsta.net/ES/nmedia/35/18/85/27/53/19338727_sd_013.mp4|4,4|4,1|4,0|Acción,Suspense
6641|El silencio de los corderos|Jonathan Demme|Anthony Hopkins,Jodie Foster,Scott Glenn||6 de septiembre de 1991|//s3.vid.web.acsta.net/ES/nmedia/35/18/74/29/15/19425916_sd_013.mp4|4,4|4,4|4,5|Suspense
126123|Toy Story 3|Lee Unkrich|Tom Hanks,Tim Allen,Michael Keaton||23 de julio de 2010|//s3.vid.web.acsta.net/ES/nmedia/35/18/72/55/90/18927726_sd_013.mp4|4,4|4,8|5,0|Animación,Aventura,Comedia
28359|El pianista|Roman Polanski|Adrien Brody,Thomas Kretschmann,Emilia Fox||13 de diciembre de 2002|//s3.vid.web.acsta.net/ES/nmedia/35/18/67/61/61/19426788_sd_013.mp4|4,4|4,6|3,5|Drama,Histórico
14264|Toy Story (Juguetes)|John Lasseter|Tim Allen,Don Rickles,Jim Varney||15 de marzo de 1996|//es.vid.web.acsta.net/nmedia/35/13/10/10/11/19534976_sd_013.mp4|4,4|4,7|5,0|Animación,Comedia,Familia
39187|El Señor de los Anillos: El retorno del Rey|Peter Jackson|Elijah Wood,Sean Astin,Viggo Mortensen||17 de diciembre de 2003|//s3.vid.web.acsta.net/ES/nmedia/35/18/89/68/19/19436669_sd_013.mp4|4,4|4,6|3,5|Fantasía,Aventura,Acción
22092|El sexto sentido|M. Night Shyamalan|Bruce Willis,Haley Joel Osment,Toni Collette||14 de enero de 2000|//s3.vid.web.acsta.net/ES/nmedia/35/18/84/77/79/19361687_sd_013.mp4|4,4|3,6|4,0|Suspense,Drama,Fantasía
134925|Harry Potter y las reliquias de la muerte: Parte 2|David Yates|Will Dunn,Daniel Radcliffe,Rupert Grint||15 de julio de 2011|//s3.vid.web.acsta.net/ES/nmedia/35/18/83/08/23/19216241_sd_013.mp4|4,4|3,6|3,0|Fantasía,Aventura
13892|Seven|David Fincher|Brad Pitt,Morgan Freeman,Gwyneth Paltrow||12 de enero de 1996|//s3.vid.web.acsta.net/ES/nmedia/35/18/69/04/89/19361088_sd_013.mp4|4,4|4,1|3,5|Crimen,Suspense
62|Alien, el octavo pasajero|Ridley Scott|Sigourney Weaver,Tom Skerritt,Veronica Cartwright||26 de septiembre de 1979|//s3.vid.web.acsta.net/ES/nmedia/35/18/78/48/96/19368403_sd_013.mp4|4,4|4,8|5,0|Ciencia ficción,Terror
8488|Jurassic Park (Parque Jurásico)|Steven Spielberg|Sam Neill,Laura Dern,Jeff Goldblum||1 de octubre de 1993|//s3.vid.web.acsta.net/ES/nmedia/35/18/68/04/93/19454599_sd_013.mp4|4,4|4,0|3,5|Aventura,Ciencia ficción
196960|Del revés (Inside Out)|Pete Docter|Amy Poehler,Bill Hader,Mindy Kaling||17 de julio de 2015|//es.vid.web.acsta.net/nmedia/34/15/05/19/09/19540362_sd_013.mp4|4,4|4,6|5,0|Animación,Comedia,Familia
1975|Blade Runner|Ridley Scott|Harrison Ford,Rutger Hauer,Sean Young||14 de enero de 1983|//s3.vid.web.acsta.net/ES/nmedia/35/18/67/30/03/19361565_sd_013.mp4|4,4|4,2|4,5|Ciencia ficción
448|Regreso al futuro|Robert Zemeckis|Michael J. Fox,Christopher Lloyd,Lea Thompson||2 de diciembre de 1985|//s3.vid.web.acsta.net/ES/nmedia/35/18/79/64/98/19390255_sd_013.mp4|4,4|3,9|3,0|Ciencia ficción,Aventura,Comedia
130368|Up|Pete Docter,Bob Peterson|Edward Asner,Jordan Nagai,Bob Peterson||30 de julio de 2009|//es.vid.web.acsta.net/nmedia/18/68/08/67/18847755_fa1_h_blog.flv|4,4|4,2|4,5|Animación,Familia
863|El resplandor|Stanley Kubrick|Jack Nicholson,Shelley Duvall,Danny Lloyd||19 de diciembre de 1980|//s3.vid.web.acsta.net/ES/nmedia/35/18/84/75/96/19361698_sd_013.mp4|4,4|3,6||Terror
135063|Gran Torino|Clint Eastwood|Clint Eastwood,Bee Vang,Ahney Her||6 de marzo de 2009|//s3.vid.web.acsta.net/ES/nmedia/35/18/67/90/91/18843079_sd_013.mp4|4,4|4,4|4,0|Drama,Suspense
123734|WALL·E Batallón de limpieza|Andrew Stanton|Ben Burtt,Elissa Knight,Jeff Garlin||6 de agosto de 2008|//s3.vid.web.acsta.net/ES/nmedia/35/18/66/74/31/18820302_sd_013.mp4|4,4|4,9|4,5|Animación,Familia,Ciencia ficción,Aventura,Romántico
29057|Buscando a Nemo|Andrew Stanton,Lee Unkrich|Albert Brooks,Ellen DeGeneres,Alexander Gould||28 de noviembre de 2003|//s3.vid.web.acsta.net/ES/nmedia/35/18/82/42/43/19359138_sd_013.mp4|4,4|4,8|5,0|Animación,Aventura,Acción
190918|Django desencadenado|Quentin Tarantino|Jamie Foxx,Christoph Waltz,Leonardo DiCaprio||18 de enero de 2013|//s3.vid.web.acsta.net/ES/nmedia/35/18/90/07/27/19428862_sd_013.mp4|4,4|4,0|4,0|Western
170828|El gran showman|Michael Gracey|Hugh Jackman,Zac Efron,Michelle Williams||29 de diciembre de 2017|//es.vid.web.acsta.net/nmedia/34/17/11/13/16/19556104_sd_013.mp4|4,4|3,0|2,5|Comedia musical,Drama
29276|Harry Potter y la Piedra Filosofal|Chris Columbus|Daniel Radcliffe,Rupert Grint,Emma Watson||30 de noviembre de 2001|//s3.vid.web.acsta.net/ES/nmedia/35/18/90/12/87/19364254_sd_013.mp4|4,3||4,5|Fantasía,Aventura,Familia
143692|Origen|Christopher Nolan|Leonardo DiCaprio,Marion Cotillard,Ellen Page||6 de agosto de 2010|//s3.vid.web.acsta.net/ES/nmedia/35/18/72/41/74/18950922_sd_013.mp4|4,3|3,9|3,5|Ciencia ficción,Suspense
900|El precio del poder|Brian De Palma|Al Pacino,Michelle Pfeiffer,Steven Bauer||12 de marzo de 1984|//s3.vid.web.acsta.net/ES/nmedia/35/18/91/03/51/19514862_sd_013.mp4|4,3||4,5|Acción,Drama,Suspense
25803|Star Wars: Episodio VI - El retorno del Jedi|Richard Marquand|Mark Hamill,Harrison Ford,Carrie Fisher||25 de abril de 1997|//s3.vid.web.acsta.net/ES/nmedia/35/18/78/91/11/19432504_sd_013.mp4|4,3|2,7||Ciencia ficción,Aventura,Fantasía
140006|Pesadilla antes de Navidad 3D|Henry Selick|Danny Elfman,Olivier Constantin,Dorothée Jemma||21 de noviembre de 2008|//s3.vid.web.acsta.net/ES/nmedia/35/18/68/08/13/19413553_sd_013.mp4|4,3|||Animación,Comedia,Terror,Fantasía,Musical
37485|El viaje de Chihiro|Hayao Miyazaki|Rumi Hiiragi,Miyu Irino,Mari Natsuki||18 de octubre de 2002|//s3.vid.web.acsta.net/ES/nmedia/35/18/70/26/56/19405510_sd_013.mp4|4,3|5,0|4,0|Animación,Aventura,Fantasía
1051|Los Goonies|Richard Donner|Sean Astin,Josh Brolin,Corey Feldman||24 de julio de 1985|//es.vid.web.acsta.net/nmedia/35/13/07/05/14/19533879_sd_013.mp4|4,3|3,6||Aventura,Comedia
18598|Salvar al soldado Ryan|Steven Spielberg|Tom Hanks,Tom Sizemore,Edward Burns||18 de septiembre de 1998|//s3.vid.web.acsta.net/ES/nmedia/35/18/90/00/32/19426991_sd_013.mp4|4,3|5,0|3,5|Guerra,Drama
56714|Million Dollar Baby|Clint Eastwood|Clint Eastwood,Morgan Freeman,Hilary Swank||4 de febrero de 2005|//s3.vid.web.acsta.net/ES/nmedia/35/18/89/75/21/19361561_sd_013.mp4|4,3|4,7|3,0|Drama
27624|Eduardo Manostijeras|Tim Burton|Johnny Depp,Winona Ryder,Dianne Wiest||12 de abril de 1991|//s3.vid.web.acsta.net/ES/nmedia/35/18/74/23/72/19439961_sd_013.mp4|4,3|4,0|4,0|Fantasía,Comedia,Romántico
5969|Uno de los nuestros|Martin Scorsese|Ray Liotta,Robert De Niro,Joe Pesci||19 de octubre de 1990|//s3.vid.web.acsta.net/ES/nmedia/35/18/67/70/14/19434037_sd_013.mp4|4,3|5,0|5,0|Crimen,Judicial
7229|La Bella y la Bestia|Gary Trousdale,Kirk Wise|Paige O'Hara,Robby Benson,Jerry Orbach||27 de noviembre de 1992|//es.vid.web.acsta.net/nmedia/34/17/03/27/10/19553199_sd_013.mp4|4,3|4,5|2,5|Animación,Familia,Romántico
114782|Interstellar|Christopher Nolan|Matthew McConaughey,Anne Hathaway,Michael Caine||7 de noviembre de 2014|//es.vid.web.acsta.net/nmedia/34/14/10/06/12/19539171_sd_013.mp4|4,3|4,3|4,0|Ciencia ficción,Drama
7524|Reservoir Dogs|Quentin Tarantino|Harvey Keitel,Tim Roth,Michael Madsen||16 de octubre de 1992|//s3.vid.web.acsta.net/ES/nmedia/35/18/74/29/16/19349550_sd_013.mp4|4,3|4,6|5,0|Crimen,Suspense
7124|Terminator 2: El juicio final|James Cameron|Arnold Schwarzenegger,Linda Hamilton,Edward Furlong||4 de diciembre de 1991|//es.vid.web.acsta.net/nmedia/34/17/11/14/15/19556127_sd_013.mp4|4,3|4,0|4,5|Ciencia ficción,Acción
28644|Big Fish|Tim Burton|Ewan McGregor,Albert Finney,Jessica Lange||5 de marzo de 2004|//s3.vid.web.acsta.net/ES/nmedia/35/18/74/28/08/19407813_sd_013.mp4|4,3|3,6|3,5|Comedia dramática,Aventura
51013|Batman Begins|Christopher Nolan|Christian Bale,Katie Holmes,Michael Caine||17 de junio de 2005|//s3.vid.web.acsta.net/ES/nmedia/35/18/89/75/66/19362094_sd_013.mp4|4,3|4,8|3,0|Acción,Aventura,Suspense
173720|Wonder Woman|Patty Jenkins|Gal Gadot,Chris Pine,Connie Nielsen||23 de junio de 2017|//es.vid.web.acsta.net/nmedia/34/17/06/09/12/19554178_sd_013.mp4|4,3|3,9|3,5|Acción,Aventura,Fantasía
26862|Monstruos, S.A.|Pete Docter,David Silverman|John Goodman,Billy Crystal,Steve Buscemi||8 de febrero de 2002|//s3.vid.web.acsta.net/ES/nmedia/35/18/90/03/53/19396768_sd_013.mp4|4,3|4,4|4,0|Animación,Comedia,Familia
46211|Ratatouille|Brad Bird|Patton Oswalt,Brad Garrett,Lou Romano||3 de agosto de 2007|//s3.vid.web.acsta.net/ES/nmedia/35/18/67/30/37/19348986_sd_013.mp4|4,3|4,4|4,0|Animación,Comedia,Familia
260|La naranja mecánica|Stanley Kubrick|Malcolm McDowell,Patrick Magee,Michael Bates||16 de junio de 1975|//s3.vid.web.acsta.net/ES/nmedia/35/18/73/00/75/18928694_sd_013.mp4|4,3|3,7||Ciencia ficción,Drama,Crimen
225116|Logan|James Mangold|Hugh Jackman,Patrick Stewart,Dafne Keen||3 de marzo de 2017|//es.vid.web.acsta.net/nmedia/34/17/01/19/15/19552411_sd_013.mp4|4,3|3,5|4,0|Acción,Ciencia ficción,Aventura
5032|Indiana Jones y la última cruzada|Steven Spielberg|Harrison Ford,Sean Connery,Denholm Elliott||1 de septiembre de 1989|//s3.vid.web.acsta.net/ES/nmedia/35/18/78/65/02/19514860_sd_013.mp4|4,3|4,6||Aventura,Acción
181290|Cómo entrenar a tu dragón 2|Dean DeBlois|Jay Baruchel,Cate Blanchett,Gerard Butler||1 de agosto de 2014|//es.vid.web.acsta.net/nmedia/35/14/04/29/15/19538392_sd_013.mp4|4,3|3,5|4,0|Animación,Aventura,Familia
27633|Pesadilla antes de Navidad|Henry Selick|Trickfilm,Chris Sarandon,Danny Elfman||2 de diciembre de 1994|//s3.vid.web.acsta.net/ES/nmedia/35/18/67/30/05/19434041_sd_013.mp4|4,3|4,0|4,5|Fantasía,Animación,Musical,Familia
28251|Rocky|John G. Avildsen|Sylvester Stallone,Talia Shire,Burt Young||3 de octubre de 1977|//s3.vid.web.acsta.net/ES/nmedia/35/18/67/73/75/19479922_sd_013.mp4|4,3|3,7||Acción,Drama
176673|Criadas y Señoras (The Help)|Tate Taylor|Emma Stone,Jessica Chastain,Viola Davis||28 de octubre de 2011|//s3.vid.web.acsta.net/ES/nmedia/35/18/84/76/00/19226435_sd_013.mp4|4,3|3,5|3,0|Drama
130440|Marvel Los Vengadores|Joss Whedon|Robert Downey Jr.,Chris Evans,Mark Ruffalo||27 de abril de 2012|//s3.vid.web.acsta.net/ES/nmedia/35/18/77/86/86/19313946_sd_013.mp4|4,3|4,1|4,0|Acción,Aventura,Ciencia ficción
218926|Bajo la misma estrella|Josh Boone|Shailene Woodley,Ansel Elgort,Nat Wolff||4 de julio de 2014|//es.vid.web.acsta.net/nmedia/35/14/06/03/11/19538613_sd_013.mp4|4,3|3,7|3,0|Romántico,Drama
211083|One Direction: This Is Us|Morgan Spurlock|Harry Styles||30 de agosto de 2013|//s3.vid.web.acsta.net/ES/nmedia/35/18/95/86/30/19483394_sd_013.mp4|4,3|2,6||Documental,Musical
12475|American History X|Tony Kaye|Edward Norton,Edward Furlong,Elliott Gould||18 de marzo de 1999|//s3.vid.web.acsta.net/ES/nmedia/35/18/74/29/14/19433968_sd_013.mp4|4,3|3,9|3,0|Drama
55983|Infiltrados|Martin Scorsese|Leonardo DiCaprio,Matt Damon,Jack Nicholson||27 de octubre de 2006|//s3.vid.web.acsta.net/ES/nmedia/35/18/67/82/22/19358233_sd_013.mp4|4,3|4,7|2,5|Crimen,Drama,Suspense
60208|Malditos bastardos|Quentin Tarantino|Brad Pitt,Mélanie Laurent,Christoph Waltz||21 de agosto de 2009|//s3.vid.web.acsta.net/ES/nmedia/35/18/68/03/93/18866646_sd_013.mp4|4,3|4,5|3,0|Guerra,Acción
26832|Los otros|Alejandro Amenábar|Nicole Kidman,Elaine Cassidy,Christopher Eccleston||7 de septiembre de 2001|//s3.vid.web.acsta.net/ES/nmedia/35/18/83/08/83/19362874_sd_013.mp4|4,3|3,1|3,5|Fantasía,Drama,Terror
240850|Dunkerque|Christopher Nolan|Fionn Whitehead,Mark Rylance,Tom Hardy||21 de julio de 2017|//es.vid.web.acsta.net/nmedia/34/17/05/06/10/19553679_sd_013.mp4|4,3|4,6|5,0|Guerra,Histórico,Drama
241486|Contratiempo|Oriol Paulo|Mario Casas,Bárbara Lennie,Ana Wagener||6 de enero de 2017|//es.vid.web.acsta.net/nmedia/34/16/11/20/16/19551544_sd_013.mp4|4,3|2,6|3,0|Crimen,Suspense
226995|Guardianes de la galaxia vol. 2|James Gunn (II)|Chris Pratt,Zoe Saldana,Dave Bautista||28 de abril de 2017|//es.vid.web.acsta.net/nmedia/34/17/04/11/17/19553453_sd_013.mp4|4,3|3,7|4,0|Acción,Ciencia ficción,Comedia
209529|Big Hero 6|Don Hall,Chris Williams (II)|Ryan Potter,Scott Adsit,Jamie Chung||19 de diciembre de 2014|//es.vid.web.acsta.net/nmedia/34/14/11/21/12/19539434_sd_013.mp4|4,3|3,9|4,0|Aventura,Animación,Familia
308|Taxi Driver|Martin Scorsese|Robert De Niro,Jodie Foster,Harvey Keitel||10 de marzo de 1977|//s3.vid.web.acsta.net/ES/nmedia/35/18/74/28/34/19517062_sd_013.mp4|4,2|4,8||Drama,Crimen
2167|Aliens, el regreso|James Cameron|Sigourney Weaver,Michael Biehn,Lance Henriksen||30 de octubre de 1986|//es.vid.web.acsta.net/nmedia/35/13/11/04/11/19536193_sd_013.mp4|4,2|4,3||Acción,Terror,Ciencia ficción
27765|El Exorcista|William Friedkin|Linda Blair,Ellen Burstyn,Max von Sydow||1 de septiembre de 1975|//s3.vid.web.acsta.net/ES/nmedia/35/18/72/15/60/19374718_sd_013.mp4|4,2|4,0||Terror,Suspense
225953|Whiplash|Damien Chazelle|Miles Teller,J.K. Simmons,Paul Reiser||16 de enero de 2015|//es.vid.web.acsta.net/nmedia/34/14/10/14/09/19539206_sd_013.mp4|4,2|4,2|4,0|Drama,Musical
59068|Pride and Prejudice (Orgullo y prejuicio)|Joe Wright|Keira Knightley,Matthew MacFadyen,Talulah Riley||10 de febrero de 2006|//s3.vid.web.acsta.net/ES/nmedia/35/18/89/70/21/19378823_sd_013.mp4|4,2|4,5|4,0|Romántico,Comedia
128959|Siempre a tu lado. Hachiko|Lasse Hallström|Richard Gere,Joan Allen,Sarah Roemer||6 de noviembre de 2009|//s3.vid.web.acsta.net/ES/nmedia/35/18/72/46/64/18928762_sd_013.mp4|4,2|2,0|1,0|Drama
50409|El castillo ambulante|Hayao Miyazaki|Chieko Baisho,Takuya Kimura,Akihiro Miwa||3 de marzo de 2006|//s3.vid.web.acsta.net/ES/nmedia/35/18/80/29/24/19423925_sd_013.mp4|4,2||4,0|Animación,Fantasía,Familia
41245|Harry Potter y la Cámara Secreta|Chris Columbus|Daniel Radcliffe,Rupert Grint,Emma Watson||29 de noviembre de 2002|//s3.vid.web.acsta.net/ES/nmedia/35/18/71/59/75/19426804_sd_013.mp4|4,2|||Fantasía
53756|Harry Potter y el Cáliz de Fuego|Mike Newell|Daniel Radcliffe,Emma Watson,Rupert Grint||25 de noviembre de 2005|//s3.vid.web.acsta.net/ES/nmedia/35/18/89/76/13/19415694_sd_013.mp4|4,2|4,2|3,0|Fantasía
218395|Rogue One: Una historia de Star Wars|Gareth Edwards (II)|Felicity Jones,Diego Luna,Ben Mendelsohn||15 de diciembre de 2016|//es.vid.web.acsta.net/nmedia/34/16/10/13/14/19549997_sd_013.mp4|4,2|3,8|4,0|Ciencia ficción,Aventura,Acción
54098|En busca de la felicidad|Gabriele Muccino|Will Smith,Thandie Newton,Jaden Smith||2 de febrero de 2007|//s3.vid.web.acsta.net/ES/nmedia/35/18/69/53/93/19361570_sd_013.mp4|4,2|3,2|2,5|Comedia dramática,Biografía
225958|Vaiana|John Musker,Ron Clements|Auli'i Cravalho,Dwayne Johnson,Alan Tudyk||2 de diciembre de 2016|//es.vid.web.acsta.net/nmedia/34/16/09/15/15/19549526_sd_013.mp4|4,2|4,0|4,0|Animación,Familia
203607|Expediente Warren: The Conjuring|James Wan|Vera Farmiga,Patrick Wilson,Ron Livingston||19 de julio de 2013|//es.vid.web.acsta.net/nmedia/35/13/07/17/11/19534010_sd_013.mp4|4,2|3,3|3,5|Terror
123534|Cómo entrenar a tu dragón|Chris Sanders,Dean DeBlois|Jay Baruchel,Gerard Butler,America Ferrera||26 de marzo de 2010|//s3.vid.web.acsta.net/ES/nmedia/35/18/72/98/66/18933685_sd_013.mp4|4,2|3,4|4,0|Animación
46117|Piratas del Caribe: La maldición de la Perla Negra|Gore Verbinski|Johnny Depp,Geoffrey Rush,Keira Knightley||12 de agosto de 2003|//s3.vid.web.acsta.net/ES/nmedia/35/18/91/06/54/19350789_sd_013.mp4|4,2|4,2|2,5|Acción,Aventura,Fantasía
61282|Avatar|James Cameron|Sam Worthington,Zoe Saldana,Sigourney Weaver||18 de diciembre de 2009|//s3.vid.web.acsta.net/ES/nmedia/35/18/68/50/35/18915989_sd_013.mp4|4,2|3,1|1,0|Ciencia ficción,Aventura
208104|Hasta el último hombre|Mel Gibson|Andrew Garfield,Vince Vaughn,Teresa Palmer||7 de diciembre de 2016|//es.vid.web.acsta.net/nmedia/34/16/10/27/10/19551214_sd_013.mp4|4,2|3,3|4,0|Drama,Guerra,Biografía
58911|V de Vendetta|James McTeigue|Natalie Portman,Hugo Weaving,Stephen Rea||7 de abril de 2006|//s3.vid.web.acsta.net/ES/nmedia/35/18/70/92/13/19362093_sd_013.mp4|4,2|4,2|2,5|Ciencia ficción,Fantasía,Suspense,Acción
29718|E.T. El extraterrestre|Steven Spielberg|Henry Thomas,Drew Barrymore,Dee Wallace||10 de diciembre de 1982|//s3.vid.web.acsta.net/ES/nmedia/35/18/92/45/51/19426993_sd_013.mp4|4,2|4,1||Ciencia ficción,Familia,Aventura
5818|Titanic|James Cameron|Leonardo DiCaprio,Kate Winslet,Billy Zane||9 de enero de 1998|//s3.vid.web.acsta.net/ES/nmedia/35/18/86/91/41/19270024_sd_013.mp4|4,2|4,3|2,5|Drama,Romántico
46865|Harry Potter y el Prisionero de Azkaban|Alfonso Cuarón|Daniel Radcliffe,Rupert Grint,Emma Watson||18 de junio de 2004|//s3.vid.web.acsta.net/ES/nmedia/35/18/89/87/16/19364264_sd_013.mp4|4,2|4,0|3,5|Fantasía,Aventura
190788|Los Miserables|Tom Hooper|Hugh Jackman,Russell Crowe,Anne Hathaway||25 de diciembre de 2012|//s3.vid.web.acsta.net/ES/nmedia/35/18/91/35/34/19432506_sd_013.mp4|4,2|3,1|3,5|Drama,Musical
47422|El diario de Noa|Nick Cassavetes|Ryan Gosling,Rachel McAdams,James Garner||22 de octubre de 2004|//s3.vid.web.acsta.net/ES/nmedia/35/18/67/61/01/19369027_sd_013.mp4|4,2|2,9|3,5|Drama,Romántico
242286|100 metros|Marcel Barrena|Dani Rovira,Karra Elejalde,Alexandra Jiménez||4 de noviembre de 2016|//es.vid.web.acsta.net/nmedia/34/16/07/22/14/19548506_sd_013.mp4|4,2|2,4||Comedia dramática
198371|The Imitation Game (Descifrando Enigma)|Morten Tyldum|Benedict Cumberbatch,Keira Knightley,Matthew Goode||1 de enero de 2015|//es.vid.web.acsta.net/nmedia/34/14/11/07/13/19539330_sd_013.mp4|4,2|2,9|4,0|Biografía,Drama
27415|Shrek|Andrew Adamson,Vicky Jenson|Mike Myers,Eddie Murphy,Cameron Diaz||13 de julio de 2001|//s3.vid.web.acsta.net/ES/nmedia/35/18/68/23/19/19400369_sd_013.mp4|4,2|4,1|4,0|Animación,Comedia,Fantasía,Romántico
229490|La ciudad de las estrellas. La La Land|Damien Chazelle|Ryan Gosling,Emma Stone,John Legend||13 de enero de 2017|//es.vid.web.acsta.net/nmedia/34/16/12/13/11/19551870_sd_013.mp4|4,2|4,1|3,0|Comedia musical,Romántico,Drama,Musical,Fantasía
5247|Regreso al futuro II|Robert Zemeckis|Michael J. Fox,Christopher Lloyd,Lea Thompson||22 de diciembre de 1989|//s3.vid.web.acsta.net/ES/nmedia/35/18/90/38/06/19390256_sd_013.mp4|4,2|3,3|4,5|Ciencia ficción,Aventura,Comedia
22779|La milla verde|Frank Darabont|Tom Hanks,Michael Clarke Duncan,David Morse||18 de febrero de 2000|//s3.vid.web.acsta.net/ES/nmedia/35/18/74/37/43/19388849_sd_013.mp4|4,2|3,6|2,0|Fantasía,Crimen
4989|Cinema Paradiso|Giuseppe Tornatore|Philippe Noiret,Jacques Perrin,Salvatore Cascio||15 de diciembre de 1989|//es.vid.web.acsta.net/nmedia/35/14/08/04/11/19538904_sd_013.mp4|4,2|4,4|4,0|Comedia dramática
18671|El show de Truman (Una vida en directo)|Peter Weir|Jim Carrey,Laura Linney,Natascha McElhone||30 de octubre de 1998|//s3.vid.web.acsta.net/ES/nmedia/35/18/90/27/81/19479838_sd_013.mp4|4,2|4,8|4,5|Drama,Comedia,Ciencia ficción
58608|Harry Potter y la Orden del Fénix|David Yates|Daniel Radcliffe,Rupert Grint,Emma Watson||13 de julio de 2007|//s3.vid.web.acsta.net/ES/nmedia/35/18/71/59/76/19415894_sd_013.mp4|4,2|4,3|3,0|Fantasía,Aventura,Drama,Familia
228263|La habitación|Lenny Abrahamson|Brie Larson,Jacob Tremblay,Joan Allen||26 de febrero de 2016|//es.vid.web.acsta.net/nmedia/34/15/12/11/12/19544391_sd_013.mp4|4,2|4,2|3,5|Drama,Suspense
182120|Las ventajas de ser un marginado|Stephen Chbosky|Logan Lerman,Emma Watson,Ezra Miller||8 de febrero de 2013|//s3.vid.web.acsta.net/ES/nmedia/35/18/94/19/29/19429761_sd_013.mp4|4,2|3,4|3,0|Comedia dramática,Romántico
116305|Harry Potter y el Misterio del Príncipe|David Yates|Daniel Radcliffe,Rupert Grint,Emma Watson||15 de julio de 2009|//s3.vid.web.acsta.net/ES/nmedia/35/18/67/05/06/18827103_sd_013.mp4|4,2|2,0|3,0|Fantasía,Aventura
196666|Los juegos del hambre: En llamas|Francis Lawrence|Jennifer Lawrence,Josh Hutcherson,Liam Hemsworth||22 de noviembre de 2013|//es.vid.web.acsta.net/nmedia/35/13/09/03/16/19534468_sd_013.mp4|4,2|3,6|4,0|Acción,Drama,Ciencia ficción
171223|El Secreto de Sus Ojos|Juan José Campanella|Ricardo Darín,Soledad Villamil,Pablo Rago||25 de septiembre de 2009|//s3.vid.web.acsta.net/ES/nmedia/35/18/72/09/92/18913430_sd_013.mp4|4,2|3,8|3,0|Drama
217930|Si decido quedarme|R.J. Cutler|Chloë Grace Moretz,Mireille Enos,Joshua Leonard||19 de septiembre de 2014|//es.vid.web.acsta.net/nmedia/35/14/06/09/12/19538643_sd_013.mp4|4,2|2,4||Drama
130533|Doctor Strange (Doctor Extraño)|Scott Derrickson|Benedict Cumberbatch,Chiwetel Ejiofor,Tilda Swinton||28 de octubre de 2016|//es.vid.web.acsta.net/nmedia/34/16/08/02/13/19548543_sd_013.mp4|4,2|3,5|4,0|Fantasía,Aventura
57529|300|Zack Snyder|Gerard Butler,Lena Headey,Rodrigo Santoro||23 de marzo de 2007|//s3.vid.web.acsta.net/ES/nmedia/35/18/67/71/17/19359525_sd_013.mp4|4,2|2,5|1,0|Épico,Acción,Guerra,Histórico
638|Indiana Jones y el templo maldito|Steven Spielberg|Harrison Ford,Kate Capshaw,Jonathan Ke Quan||5 de octubre de 1984|//s3.vid.web.acsta.net/ES/nmedia/35/18/78/65/06/19419470_sd_013.mp4|4,2|||Aventura,Acción
207734|Carol|Todd Haynes|Cate Blanchett,Rooney Mara,Kyle Chandler||5 de febrero de 2016|//es.vid.web.acsta.net/nmedia/34/16/01/26/12/19544971_sd_013.mp4|4,2|4,6|5,0|Drama,Romántico
223207|Zootrópolis|Byron Howard,Rich Moore|Ginnifer Goodwin,Jason Bateman,Idris Elba||12 de febrero de 2016|//es.vid.web.acsta.net/nmedia/34/16/01/04/12/19544612_sd_013.mp4|4,2|3,8|3,5|Animación,Familia,Comedia
230327|Antes de ti|Thea Sharrock|Emilia Clarke,Sam Claflin,Janet McTeer||1 de julio de 2016|//es.vid.web.acsta.net/nmedia/34/16/04/29/11/19547347_sd_013.mp4|4,2|2,9||Drama,Romántico
27442|2001: Una odisea del espacio|Stanley Kubrick|Keir Dullea,Gary Lockwood,William Sylvester||17 de octubre de 1968|//es.vid.web.acsta.net/nmedia/34/15/04/08/11/19540039_sd_013.mp4|4,2|4,8|4,0|Ciencia ficción
126527|Liga de la Justicia|Zack Snyder|Ben Affleck,Henry Cavill,Gal Gadot||17 de noviembre de 2017|//es.vid.web.acsta.net/nmedia/34/17/10/08/15/19555605_sd_013.mp4|4,2|2,8|3,5|Acción,Ciencia ficción
25744|Memento|Christopher Nolan|Guy Pearce,Carrie-Anne Moss,Joe Pantoliano||19 de enero de 2001|//s3.vid.web.acsta.net/ES/nmedia/35/18/70/92/19/19359573_sd_013.mp4|4,2|4,3|3,0|Suspense
222796|Expediente Warren: El caso Enfield|James Wan|Vera Farmiga,Patrick Wilson,Frances O'Connor||17 de junio de 2016|//es.vid.web.acsta.net/nmedia/34/16/01/08/14/19544663_sd_013.mp4|4,2|3,3|3,5|Terror
35784|Ice Age: La Edad de Hielo|Chris Wedge,Carlos Saldanha|Ray Romano,John Leguizamo,Denis Leary||12 de julio de 2002|//s3.vid.web.acsta.net/ES/nmedia/35/18/68/20/43/19400375_sd_013.mp4|4,1||3,0|Comedia,Animación
146349|Deadpool|Tim Miller|Ryan Reynolds,Morena Baccarin,Ed Skrein||19 de febrero de 2016|//es.vid.web.acsta.net/nmedia/34/15/12/28/09/19544579_sd_013.mp4|4,1|3,9|3,5|Comedia,Acción,Fantasía
186918|El Hobbit: La desolación de Smaug|Peter Jackson|Martin Freeman,Richard Armitage,Ian McKellen||13 de diciembre de 2013|//es.vid.web.acsta.net/nmedia/35/13/11/11/12/19536567_sd_013.mp4|4,1|3,2|4,0|Fantasía,Aventura
34680|Mystic River|Clint Eastwood|Sean Penn,Kevin Bacon,Laurence Fishburne||24 de octubre de 2003|//s3.vid.web.acsta.net/ES/nmedia/35/18/67/52/98/19407801_sd_013.mp4|4,1|4,2|4,0|Drama,Suspense,Crimen
210222|Buscando a Dory|Andrew Stanton,Angus MacLane|Ellen DeGeneres,Albert Brooks,Idris Elba||22 de junio de 2016|//es.vid.web.acsta.net/nmedia/34/16/05/24/16/19547712_sd_013.mp4|4,1|3,7|4,0|Animación,Comedia
53751|Iron Man|Jon Favreau|Robert Downey Jr.,Terrence Howard,Gwyneth Paltrow||30 de abril de 2008|//s3.vid.web.acsta.net/ES/nmedia/35/18/66/64/01/18817914_sd_013.mp4|4,1|3,7|3,0|Acción,Ciencia ficción
232132|Wonder|Stephen Chbosky|Julia Roberts,Jacob Tremblay,Owen Wilson||1 de diciembre de 2017|//es.vid.web.acsta.net/nmedia/34/17/05/24/17/19553920_sd_013.mp4|4,1|3,5||Drama,Familia
196885|12 años de esclavitud|Steve McQueen (II)|Chiwetel Ejiofor,Michael Fassbender,Benedict Cumberbatch||13 de diciembre de 2013|//es.vid.web.acsta.net/nmedia/35/13/09/13/12/19534537_sd_013.mp4|4,1|4,3|4,0|Drama,Histórico
59809|El ultimátum de Bourne|Paul Greengrass|Matt Damon,Julia Stiles,David Strathairn||17 de agosto de 2007|//s3.vid.web.acsta.net/ES/nmedia/35/18/72/36/53/19348990_sd_013.mp4|4,1|4,6|4,5|Acción,Aventura,Espionaje,Suspense
27570|La historia interminable|Wolfgang Petersen|Barret Oliver,Noah Hathaway,Tami Stronach||6 de diciembre de 1984|//es.vid.web.acsta.net/nmedia/34/16/07/07/09/19548325_sd_013.mp4|4,1|3,4|3,5|Fantasía,Aventura
22323|Toy Story 2: Los juguetes vuelven a la carga|John Lasseter,Ash Brannon|Tom Hanks,Tim Allen,Joan Cusack||21 de enero de 2000|//s3.vid.web.acsta.net/ES/nmedia/35/18/74/06/94/19447142_sd_013.mp4|4,1|4,8|4,5|Animación,Aventura,Comedia,Familia,Fantasía
215143|Capitán América: Civil War|Anthony Russo,Joe Russo|Chris Evans,Robert Downey Jr.,Scarlett Johansson||29 de abril de 2016|//es.vid.web.acsta.net/nmedia/34/15/11/25/08/19544154_sd_013.mp4|4,1|4,2|4,5|Acción,Fantasía
2749|La chaqueta metálica|Stanley Kubrick|Matthew Modine,Arliss Howard,Vincent D'Onofrio||2 de enero de 1989|//s3.vid.web.acsta.net/ES/nmedia/35/18/90/15/35/19501242_sd_013.mp4|4,1|4,4||Guerra,Drama
180887|Prisioneros|Denis Villeneuve|Hugh Jackman,Jake Gyllenhaal,Viola Davis||11 de octubre de 2013|//es.vid.web.acsta.net/nmedia/35/13/09/03/10/19534457_sd_013.mp4|4,1|3,7|3,5|Suspense
145475|Star Trek: En la oscuridad|J.J. Abrams|Chris Pine,Zachary Quinto,Benedict Cumberbatch||5 de julio de 2013|//s3.vid.web.acsta.net/ES/nmedia/35/18/95/09/45/19518764_sd_013.mp4|4,1|3,6|4,5|Ciencia ficción,Acción,Aventura
183070|The Artist|Michel Hazanavicius|Jean Dujardin,Bérénice Bejo,John Goodman||16 de diciembre de 2011|//s3.vid.web.acsta.net/ES/nmedia/35/18/85/82/03/19266439_sd_013.mp4|4,1|4,4|4,0|Romántico,Drama,Comedia
129924|Slumdog Millionaire|Danny Boyle,Loveleen Tandan|Dev Patel,Freida Pinto,Mia Drake||13 de febrero de 2009|//s3.vid.web.acsta.net/ES/nmedia/35/18/68/84/30/18861585_sd_013.mp4|4,1|3,1|2,0|Comedia dramática,Comedia,Romántico
9432|Philadelphia|Jonathan Demme|Tom Hanks,Denzel Washington,Mary Steenburgen||11 de marzo de 1994|//s3.vid.web.acsta.net/ES/nmedia/35/18/71/71/54/19476839_sd_013.mp4|4,1|3,1|2,0|Drama
196604|Guardianes de la galaxia|James Gunn (II)|Chris Pratt,Zoe Saldana,Dave Bautista||14 de agosto de 2014|//es.vid.web.acsta.net/nmedia/35/14/08/13/17/19538941_sd_013.mp4|4,1|4,2|4,5|Ciencia ficción,Acción
26251|Snatch, cerdos y diamantes|Guy Ritchie|Jason Statham,Brad Pitt,Vinnie Jones||3 de noviembre de 2000|//s3.vid.web.acsta.net/ES/nmedia/35/18/68/09/03/19362103_sd_013.mp4|4,1|3,1|3,5|Crimen,Comedia,Suspense
579|Grease (Brillantina)|Randal Kleiser|John Travolta,Olivia Newton-John,Stockard Channing||22 de septiembre de 1978|//s3.vid.web.acsta.net/ES/nmedia/35/18/67/90/52/19434089_sd_013.mp4|4,1|3,3||Comedia musical,Comedia,Romántico
119089|El Hobbit: Un viaje inesperado|Peter Jackson|Ian McKellen,Martin Freeman,Richard Armitage||14 de diciembre de 2012|//s3.vid.web.acsta.net/ES/nmedia/35/18/85/32/46/19429529_sd_013.mp4|4,1|3,0|3,0|Fantasía,Aventura
339|Gremlins|Joe Dante|Zach Galligan,Phoebe Cates,Hoyt Axton||3 de septiembre de 1984|//es.vid.web.acsta.net/nmedia/34/17/12/19/10/19556583_sd_013.mp4|4,1|3,6||Fantasía,Terror,Comedia
126693|Harry Potter y las reliquias de la muerte: Parte 1|David Yates|Daniel Radcliffe,Rupert Grint,Emma Watson||19 de noviembre de 2010|//s3.vid.web.acsta.net/ES/nmedia/35/18/78/64/90/19173314_sd_013.mp4|4,1|2,5|2,5|Fantasía,Aventura
28384|Una mente maravillosa|Ron Howard|Russell Crowe,Ed Harris,Jennifer Connelly||22 de febrero de 2002|//s3.vid.web.acsta.net/ES/nmedia/35/18/83/55/96/19431860_sd_013.mp4|4,1|4,3|3,0|Drama
195370|Rush|Ron Howard|Chris Hemsworth,Daniel Brühl,Olivia Wilde||20 de septiembre de 2013|//es.vid.web.acsta.net/nmedia/35/13/07/02/17/19533788_sd_013.mp4|4,1|3,7|3,0|Drama
137097|Dallas Buyers Club|Jean-Marc Vallée|Matthew McConaughey,Jennifer Garner,Jared Leto||14 de marzo de 2014|//es.vid.web.acsta.net/nmedia/35/14/02/18/17/19537903_sd_013.mp4|4,1|4,0|3,5|Drama,Biografía
198488|Vengadores: La era de Ultrón|Joss Whedon|Robert Downey Jr.,Chris Evans,Mark Ruffalo||30 de abril de 2015|//es.vid.web.acsta.net/nmedia/34/15/03/05/10/19539867_sd_013.mp4|4,1|3,4|4,5|Acción,Aventura,Ciencia ficción
1603|Psicosis|Alfred Hitchcock|Anthony Perkins,Janet Leigh,John Gavin||2 de abril de 1961|//s3.vid.web.acsta.net/ES/nmedia/35/18/69/79/82/19438182_sd_013.mp4|4,1|3,8|5,0|Suspense,Terror
108998|El Truco Final (El Prestigio)|Christopher Nolan|Hugh Jackman,Christian Bale,Michael Caine||12 de enero de 2007|//s3.vid.web.acsta.net/ES/nmedia/35/18/67/08/60/19400798_sd_013.mp4|4,1|4,1|4,0|Suspense,Drama,Fantasía
222692|El libro de la selva|Jon Favreau|Neel Sethi,Ben Kingsley,Bill Murray||15 de abril de 2016|//es.vid.web.acsta.net/nmedia/34/16/02/08/12/19545148_sd_013.mp4|4,1|3,7|4,0|Aventura,Familia,Fantasía
222221|La teoría del todo|James Marsh|Eddie Redmayne,Felicity Jones,Tom Prior||16 de enero de 2015|//es.vid.web.acsta.net/nmedia/34/14/10/10/14/19539202_sd_013.mp4|4,1|3,6|3,5|Biografía,Drama
198771|Kingsman: Servicio secreto|Matthew Vaughn|Colin Firth,Samuel L. Jackson,Taron Egerton||27 de febrero de 2015|//es.vid.web.acsta.net/nmedia/34/14/10/27/11/19539268_sd_013.mp4|4,1|3,1|4,5|Acción,Espionaje
221524|Marte (The Martian)|Ridley Scott|Matt Damon,Jessica Chastain,Kristen Wiig||16 de octubre de 2015|//es.vid.web.acsta.net/nmedia/34/15/07/07/10/19541782_sd_013.mp4|4,1|4,1|4,0|Ciencia ficción
140552|La chica danesa|Tom Hooper|Eddie Redmayne,Alicia Vikander,Ben Whishaw||15 de enero de 2016|//es.vid.web.acsta.net/nmedia/34/15/09/01/15/19542189_sd_013.mp4|4,1|3,6|3,0|Drama,Biografía
121|En busca del arca perdida|Steven Spielberg|Harrison Ford,Karen Allen,Paul Freeman||9 de octubre de 1981|//s3.vid.web.acsta.net/ES/nmedia/35/18/67/73/70/19514859_sd_013.mp4|4,1|4,7||Aventura,Acción
12994|Los puentes de Madison|Clint Eastwood|Meryl Streep,Clint Eastwood,Annie Corley||20 de octubre de 1995|//s3.vid.web.acsta.net/ES/nmedia/35/18/68/46/37/19434057_sd_013.mp4|4,1|3,8||Drama,Romántico
222271|Spotlight|Tom McCarthy|Michael Keaton,Mark Ruffalo,Rachel McAdams||29 de enero de 2016|//es.vid.web.acsta.net/nmedia/34/15/11/19/12/19544060_sd_013.mp4|4,1|4,5|4,0|Drama,Crimen,Biografía,Histórico
237933|Los milagros del cielo|Patricia Riggen|Jennifer Garner,Martin Henderson,Queen Latifah||22 de abril de 2016|//es.vid.web.acsta.net/nmedia/34/16/01/12/15/19544720_sd_013.mp4|4,1|2,8||Drama
219262|Batman v Superman: El amanecer de la justicia|Zack Snyder|Ben Affleck,Henry Cavill,Jesse Eisenberg||23 de marzo de 2016|//es.vid.web.acsta.net/nmedia/34/15/12/03/09/19544278_sd_013.mp4|4,1|2,7|3,0|Acción,Fantasía,Aventura,Drama
53096|Los Increíbles|Brad Bird|Michael Bird,Sarah Vowell,Craig T. Nelson||26 de noviembre de 2004|//s3.vid.web.acsta.net/ES/nmedia/35/18/89/87/86/19349103_sd_013.mp4|4,1|4,3|5,0|Animación,Acción,Comedia,Familia
6122|Ghost (Más allá del amor)|Jerry Zucker|Patrick Swayze,Demi Moore,Whoopi Goldberg||26 de octubre de 1990|//s3.vid.web.acsta.net/ES/nmedia/35/18/94/58/72/19434052_sd_013.mp4|4,1||2,5|Fantasía,Drama,Romántico
240914|Tini: El Gran Cambio de Violetta|Juan Pablo Buscarini|Martina Stoessel,Jorge Blanco,Adrián Salzedo||6 de mayo de 2016|//es.vid.web.acsta.net/nmedia/34/16/03/23/17/19545807_sd_013.mp4|4,1|3,0||Musical,Comedia,Familia
19776|Matrix|Lana Wachowski,Lilly Wachowski|Keanu Reeves,Laurence Fishburne,Carrie-Anne Moss||25 de junio de 1999|//s3.vid.web.acsta.net/ES/nmedia/35/18/72/16/76/19377971_sd_013.mp4|4,1|3,2||Acción,Ciencia ficción
210516|El hobbit: La batalla de los cinco ejércitos|Peter Jackson|Martin Freeman,Richard Armitage,Evangeline Lilly||17 de diciembre de 2014|//es.vid.web.acsta.net/nmedia/34/14/11/07/13/19539332_sd_013.mp4|4,1|3,2|3,0|Acción,Fantasía,Aventura
190299|Gru 2. Mi villano favorito|Chris Renaud,Pierre Coffin|Steve Carell,Kristen Wiig,Russell Brand||5 de julio de 2013|//s3.vid.web.acsta.net/ES/nmedia/35/18/89/42/61/19491519_sd_013.mp4|4,1|3,2|3,5|Animación,Comedia,Familia
135523|Enredados (Rapunzel)|Byron Howard,Nathan Greno|Mandy Moore,Zachary Levi,Donna Murphy||4 de febrero de 2011|//s3.vid.web.acsta.net/ES/nmedia/35/18/78/47/99/19121055_sd_013.mp4|4,1|3,5|3,0|Animación,Familia
2402|El nombre de la rosa|Jean-Jacques Annaud|Sean Connery,Christian Slater,Helmut Qualtinger||19 de diciembre de 1986|//s3.vid.web.acsta.net/ES/nmedia/35/18/67/79/01/19514863_sd_013.mp4|4,1|||Aventura,Drama,Suspense
309|Terminator|James Cameron|Arnold Schwarzenegger,Michael Biehn,Linda Hamilton||24 de enero de 1985|//s3.vid.web.acsta.net/ES/nmedia/35/18/72/30/87/19449353_sd_013.mp4|4,1|3,9||Ciencia ficción,Suspense
1532|Ben-Hur|William Wyler|Charlton Heston,Stephen Boyd,Jack Hawkins||23 de diciembre de 1960|//es.vid.web.acsta.net/nmedia/34/15/03/16/13/19539926_sd_013.mp4|4,1|4,3||Épico,Aventura,Drama
195128|X-Men: Días del futuro pasado|Bryan Singer|Hugh Jackman,James McAvoy,Michael Fassbender||6 de junio de 2014|//es.vid.web.acsta.net/nmedia/35/14/04/29/10/19538385_sd_013.mp4|4,1|3,4|4,0|Acción,Ciencia ficción
229070|Lion|Garth Davis|Dev Patel,Rooney Mara,Nicole Kidman||27 de enero de 2017|//es.vid.web.acsta.net/nmedia/34/16/11/25/18/19551631_sd_013.mp4|4,1|3,2|3,0|Biografía,Drama
209778|Spider-Man: Homecoming|Jon Watts|Tom Holland,Michael Keaton,Robert Downey Jr.||28 de julio de 2017|//es.vid.web.acsta.net/nmedia/34/17/05/24/10/19553914_sd_013.mp4|4,1|3,9|5,0|Acción,Aventura
27782|Lo que el viento se llevó|Victor Fleming,George Cukor|Vivien Leigh,Clark Gable,Leslie Howard||17 de noviembre de 1950|//s3.vid.web.acsta.net/ES/nmedia/35/18/69/79/81/19507953_sd_013.mp4|4,1|4,9||Drama,Guerra,Romántico
228322|La Bella y la Bestia|Bill Condon|Emma Watson,Dan Stevens,Luke Evans||17 de marzo de 2017|//es.vid.web.acsta.net/nmedia/34/17/03/10/13/19553026_sd_013.mp4|4,1|3,4|3,5|Fantasía,Romántico,Musical
136862|Celda 211|Daniel Monzón|Luis Tosar,Alberto Ammann,Antonio Resines||6 de noviembre de 2009|//s3.vid.web.acsta.net/ES/nmedia/35/18/72/39/50/18918653_sd_013.mp4|4,1|3,4|4,0|Suspense,Acción,Drama
57689|El laberinto del fauno|Guillermo del Toro|Ivana Baquero,Sergi López,Doug Jones||11 de octubre de 2006|//s3.vid.web.acsta.net/ES/nmedia/35/18/83/10/34/19363637_sd_013.mp4|4,1|4,9|4,5|Fantasía,Terror
7663|Sin perdón|Clint Eastwood|Clint Eastwood,Gene Hackman,Morgan Freeman||25 de septiembre de 1992|//s3.vid.web.acsta.net/ES/nmedia/35/18/68/46/40/19523147_sd_013.mp4|4,1|4,2|4,5|Western,Drama
8640|Aladdin|John Musker,Ron Clements|Scott Weinger,Robin Williams,Linda Larkin||19 de noviembre de 1993|//s3.vid.web.acsta.net/ES/nmedia/35/18/73/54/02/19501251_sd_013.mp4|4,1||2,5|Animación,Comedia musical,Romántico
132039|Shutter Island|Martin Scorsese|Leonardo DiCaprio,Mark Ruffalo,Ben Kingsley||19 de febrero de 2010|//s3.vid.web.acsta.net/ES/nmedia/35/18/69/96/74/18916212_sd_013.mp4|4,1|2,2|4,0|Suspense
22345|Sleepy Hollow|Tim Burton|Johnny Depp,Christina Ricci,Christopher Walken||21 de enero de 2000|//s3.vid.web.acsta.net/ES/nmedia/35/18/77/67/30/19447135_sd_013.mp4|4,1|2,8|4,0|Fantasía,Terror,Suspense
2253|El Gran Dictador|Charles Chaplin|Charles Chaplin,Jack Oakie,Paulette Goddard||30 de abril de 1976|No se ha encontrado trailer|4,1|4,7||Comedia
53879|Kill Bill Volumen 2|Quentin Tarantino|Uma Thurman,David Carradine,Michael Madsen||23 de julio de 2004|//s3.vid.web.acsta.net/ES/nmedia/35/18/70/98/10/19400277_sd_013.mp4|4,1|4,3|3,0|Acción,Suspense
29071|The Bourne Identity (El caso Bourne)|Doug Liman|Matt Damon,Franka Potente,Chris Cooper||8 de noviembre de 2002|//s3.vid.web.acsta.net/ES/nmedia/35/18/72/36/54/19349477_sd_013.mp4|4,1|3,8|4,0|Acción,Suspense
191696|Capitán Phillips|Paul Greengrass|Tom Hanks,Catherine Keener,Barkhad Abdi||18 de octubre de 2013|//es.vid.web.acsta.net/nmedia/35/13/08/09/14/19534358_sd_013.mp4|4,1|3,9|3,0|Drama,Suspense
247579|El secreto de Marrowbone|Sergio G. Sánchez|Anya Taylor-Joy,George MacKay,Mia Goth||27 de octubre de 2017|//es.vid.web.acsta.net/nmedia/34/17/09/06/11/19555224_sd_013.mp4|4,1|2,7|3,0|Suspense,Terror
105557|Soy leyenda|Francis Lawrence|Will Smith,Alice Braga,Charlie Tahan||19 de diciembre de 2007|//s3.vid.web.acsta.net/ES/nmedia/35/18/69/52/53/19360419_sd_013.mp4|4,1|3,2|3,5|Ciencia ficción
6608|El Padrino. Parte III|Francis Ford Coppola|Al Pacino,Diane Keaton,Andy Garcia||1 de marzo de 1991|//s3.vid.web.acsta.net/ES/nmedia/35/18/68/09/69/19510624_sd_013.mp4|4,1|4,5||Drama,Crimen
146630|Lo Imposible|Juan Antonio Bayona|Naomi Watts,Ewan McGregor,Tom Holland||11 de octubre de 2012|//s3.vid.web.acsta.net/ES/nmedia/35/18/90/25/52/19376042_sd_013.mp4|4,1|3,7|2,5|Drama
144685|It|Andy Muschietti|Bill Skarsgård,Jaeden Lieberher,Finn Wolfhard||8 de septiembre de 2017|//es.vid.web.acsta.net/nmedia/34/17/07/27/18/19554786_sd_013.mp4|4,1|3,5||Terror,Suspense
27061|Apocalypse Now|Francis Ford Coppola|Martin Sheen,Frederic Forrest,Robert Duvall||1 de enero de 1979|//s3.vid.web.acsta.net/ES/nmedia/35/18/70/36/43/19373268_sd_013.mp4|4,1|4,9|5,0|Guerra
47141|El fuego de la venganza|Tony Scott|Denzel Washington,Dakota Fanning,Christopher Walken||8 de octubre de 2004|//s3.vid.web.acsta.net/ES/nmedia/35/18/68/08/99/19369035_sd_013.mp4|4,1|3,0|3,5|Suspense
222968|Creed. La leyenda de Rocky|Ryan Coogler|Michael B. Jordan,Sylvester Stallone,Tessa Thompson||29 de enero de 2016|//es.vid.web.acsta.net/nmedia/34/15/10/21/12/19542536_sd_013.mp4|4,1|3,9|3,0|Drama
52933|Charlie y la fábrica de chocolate|Tim Burton|Johnny Depp,Freddie Highmore,AnnaSophia Robb||12 de agosto de 2005|//s3.vid.web.acsta.net/ES/nmedia/35/18/83/27/91/19366248_sd_013.mp4|4,1|3,8|3,0|Comedia,Fantasía,Familia,Aventura
125054|Mad Max: Furia en la carretera|George Miller|Tom Hardy,Charlize Theron,Zoë Kravitz||15 de mayo de 2015|//es.vid.web.acsta.net/nmedia/34/15/04/08/12/19540041_sd_013.mp4|4,1|4,4|5,0|Acción,Ciencia ficción
223940|Animales fantásticos y dónde encontrarlos|David Yates|Eddie Redmayne,Katherine Waterston,Dan Fogler||18 de noviembre de 2016|//es.vid.web.acsta.net/nmedia/34/16/10/10/13/19549958_sd_013.mp4|4,1|3,6|3,5|Fantasía,Aventura
21946|American Beauty|Sam Mendes|Kevin Spacey,Annette Bening,Thora Birch||28 de enero de 2000|//s3.vid.web.acsta.net/ES/nmedia/35/18/67/60/09/19410141_sd_013.mp4|4,1|4,9|4,0|Drama
57138|Piratas del Caribe: El cofre del hombre muerto|Gore Verbinski|Johnny Depp,Orlando Bloom,Keira Knightley||11 de agosto de 2006|//s3.vid.web.acsta.net/ES/nmedia/35/18/78/92/73/19348968_sd_013.mp4|4,1|2,8|2,5|Aventura,Acción,Fantasía
201760|Una cuestión de tiempo|Richard Curtis|Domhnall Gleeson,Bill Nighy,Rachel McAdams||18 de octubre de 2013|//es.vid.web.acsta.net/nmedia/35/13/08/01/17/19534286_sd_013.mp4|4,1|3,3|3,0|Romántico
34193|Donnie Darko|Richard Kelly|Jake Gyllenhaal,Maggie Gyllenhaal,Drew Barrymore||5 de julio de 2002|//s3.vid.web.acsta.net/ES/nmedia/35/18/68/79/41/19360527_sd_013.mp4|4,1|2,9|3,0|Drama,Suspense
189909|El origen de los Guardianes|Peter Ramsey|Chris Pine,Isla Fisher,Alec Baldwin||30 de noviembre de 2012|//s3.vid.web.acsta.net/ES/nmedia/35/18/91/56/29/19432766_sd_013.mp4|4,1|3,1|2,0|Animación,Aventura,Familia
227320|Captain Fantastic|Matt Ross|Viggo Mortensen,Frank Langella,George MacKay||23 de septiembre de 2016|//es.vid.web.acsta.net/nmedia/34/16/07/28/10/19548583_sd_013.mp4|4,1|3,7|4,0|Comedia dramática
190267|Argo|Ben Affleck|Ben Affleck,Bryan Cranston,John Goodman||26 de octubre de 2012|//s3.vid.web.acsta.net/ES/nmedia/35/18/90/56/49/19385173_sd_013.mp4|4,1|4,0|4,0|Suspense,Drama,Histórico
193113|Capitán América: El soldado de invierno|Anthony Russo,Joe Russo|Chris Evans,Scarlett Johansson,Anthony Mackie||28 de marzo de 2014|//es.vid.web.acsta.net/nmedia/35/14/02/18/12/19537897_sd_013.mp4|4,1|3,3|3,0|Aventura,Acción,Ciencia ficción
5434|Drácula de Bram Stoker|Francis Ford Coppola|Gary Oldman,Winona Ryder,Keanu Reeves||15 de enero de 1993|//s3.vid.web.acsta.net/ES/nmedia/35/18/67/72/10/19434076_sd_013.mp4|4,1|3,8|3,5|Drama,Terror,Romántico
134690|Un ciudadano ejemplar|F. Gary Gray|Gerard Butler,Jamie Foxx,Leslie Bibb||7 de mayo de 2010|//s3.vid.web.acsta.net/ES/nmedia/35/18/74/21/97/18950920_sd_013.mp4|4,1|2,0|3,0|Suspense,Acción,Drama
219070|Figuras ocultas|Theodore Melfi|Taraji P. Henson,Octavia Spencer,Janelle Monáe||20 de enero de 2017|//es.vid.web.acsta.net/nmedia/34/16/09/21/16/19549620_sd_013.mp4|4,1|3,4|3,0|Drama,Biografía
109125|Los mundos de Coraline|Henry Selick|Dakota Fanning,Teri Hatcher,Jennifer Saunders||5 de junio de 2009|//s3.vid.web.acsta.net/ES/nmedia/35/18/68/16/34/18860587_sd_013.mp4|4,1|4,3|4,5|Animación,Fantasía,Familia
127179|Sherlock Holmes|Guy Ritchie|Robert Downey Jr.,Jude Law,Mark Strong||15 de enero de 2010|//s3.vid.web.acsta.net/ES/nmedia/35/18/69/96/70/18894712_sd_013.mp4|4,0|2,8|3,5|Acción,Aventura
140894|X-Men: Primera generación|Matthew Vaughn|James McAvoy,Michael Fassbender,Kevin Bacon||3 de junio de 2011|//s3.vid.web.acsta.net/ES/nmedia/35/18/82/86/19/19203973_sd_013.mp4|4,0|3,5|3,5|Ciencia ficción,Acción
227066|¡Canta!|Garth Jennings|Matthew McConaughey,Reese Witherspoon,Seth MacFarlane||22 de diciembre de 2016|//es.vid.web.acsta.net/nmedia/34/16/11/02/16/19551289_sd_013.mp4|4,0|3,2|4,0|Animación,Familia,Comedia musical,Dibujos animados
215680|El juez|David Dobkin|Robert Downey Jr.,Robert Duvall,Billy Bob Thornton||24 de octubre de 2014|//es.vid.web.acsta.net/nmedia/35/14/09/17/10/19539103_sd_013.mp4|4,0|2,7|3,0|Drama
125828|Cisne negro|Darren Aronofsky|Natalie Portman,Mila Kunis,Vincent Cassel||18 de febrero de 2011|//s3.vid.web.acsta.net/ES/nmedia/35/18/82/49/41/19187219_sd_013.mp4|4,0|3,9|4,0|Drama,Suspense
57060|El curioso caso de Benjamin Button|David Fincher|Brad Pitt,Cate Blanchett,Julia Ormond||6 de febrero de 2009|//s3.vid.web.acsta.net/ES/nmedia/35/18/68/03/69/18853235_sd_013.mp4|4,0|4,0|4,0|Drama,Fantasía,Romántico
215345|El cuerpo|Oriol Paulo|José Coronado,Hugo Silva,Belén Rueda||21 de diciembre de 2012|//s3.vid.web.acsta.net/ES/nmedia/35/18/88/68/44/19420564_sd_013.mp4|4,0|3,1|2,5|Suspense
114887|Star Trek|J.J. Abrams|Chris Pine,Zachary Quinto,Eric Bana||8 de mayo de 2009|//s3.vid.web.acsta.net/ES/nmedia/35/18/67/65/34/18836944_sd_013.mp4|4,0|3,7|3,0|Acción,Aventura,Ciencia ficción
208563|Dando la nota|Jason Moore|Anna Kendrick,Skylar Astin,Ben Platt||8 de marzo de 2013|//s3.vid.web.acsta.net/ES/nmedia/35/18/93/85/49/19454630_sd_013.mp4|4,0|3,4|2,0|Comedia,Comedia musical
44449|El efecto mariposa (The Butterfly Effect)|Eric Bress,J. Mackye Gruber|Ashton Kutcher,Amy Smart,Elden Henson||30 de abril de 2004|//s3.vid.web.acsta.net/ES/nmedia/35/18/89/80/94/19361034_sd_013.mp4|4,0|2,3|3,0|Drama,Fantasía
2770|Los intocables de Eliot Ness|Brian De Palma|Kevin Costner,Sean Connery,Charles Martin Smith||2 de octubre de 1987|//s3.vid.web.acsta.net/ES/nmedia/35/18/68/09/79/19456170_sd_013.mp4|4,0|4,0||Crimen
61469|Diamante de sangre|Edward Zwick|Leonardo DiCaprio,Djimon Hounsou,Jennifer Connelly||9 de febrero de 2007|//s3.vid.web.acsta.net/ES/nmedia/35/18/67/78/10/19360945_sd_013.mp4|4,0|2,9|2,0|Aventura,Drama,Suspense
40623|Star Wars: Episodio III - La venganza de los Sith|George Lucas|Hayden Christensen,Ewan McGregor,Natalie Portman||19 de mayo de 2005|//s3.vid.web.acsta.net/ES/nmedia/35/18/89/75/58/19391860_sd_013.mp4|4,0||2,5|Ciencia ficción,Acción
29240|X-Men 2|Bryan Singer|Patrick Stewart,Hugh Jackman,Ian McKellen||30 de abril de 2003|//s3.vid.web.acsta.net/ES/nmedia/35/18/78/91/36/19381613_sd_013.mp4|4,0|3,4|4,0|Acción,Ciencia ficción
27063|Amelie|Jean-Pierre Jeunet|Audrey Tautou,Philippe Beautier,Régis Iacono||19 de octubre de 2001|//s3.vid.web.acsta.net/ES/nmedia/35/18/70/48/56/19364851_sd_013.mp4|4,0|4,0|3,0|Comedia
16463|El Gran Lebowski|Joel Coen,Ethan Coen|Jeff Bridges,Julianne Moore,John Goodman||15 de mayo de 1998|//s3.vid.web.acsta.net/ES/nmedia/35/18/67/73/58/19434029_sd_013.mp4|4,0|4,5|4,5|Comedia,Crimen
190157|¡Rompe Ralph!|Rich Moore|John C. Reilly,Sarah Silverman,Jack McBrayer||25 de diciembre de 2012|//s3.vid.web.acsta.net/ES/nmedia/35/18/89/04/49/19412586_sd_013.mp4|4,0|3,8|4,0|Animación,Comedia,Familia,Aventura
145083|Los juegos del hambre|Gary Ross|Jennifer Lawrence,Josh Hutcherson,Liam Hemsworth||20 de abril de 2012|//s3.vid.web.acsta.net/ES/nmedia/35/18/85/41/16/19263461_sd_013.mp4|4,0|3,2|3,0|Acción,Drama,Ciencia ficción
215097|Star Wars: El despertar de la Fuerza|J.J. Abrams|Daisy Ridley,John Boyega,Adam Driver||18 de diciembre de 2015|//es.vid.web.acsta.net/nmedia/34/15/10/20/09/19542527_sd_013.mp4|4,0|4,4|4,0|Aventura,Acción,Ciencia ficción
175305|El discurso del rey|Tom Hooper|Colin Firth,Helena Bonham Carter,Derek Jacobi||24 de diciembre de 2010|//s3.vid.web.acsta.net/ES/nmedia/35/18/82/26/21/19179120_sd_013.mp4|4,0|3,9|3,0|Biografía,Histórico,Drama
5280|El club de los poetas muertos|Peter Weir|Robin Williams,Ethan Hawke,Robert Sean Leonard||24 de noviembre de 1989|//s3.vid.web.acsta.net/ES/nmedia/35/18/68/79/43/19449354_sd_013.mp4|4,0|4,0|2,0|Comedia dramática
217882|Perdida|David Fincher|Ben Affleck,Rosamund Pike,Neil Patrick Harris||10 de octubre de 2014|//es.vid.web.acsta.net/nmedia/35/14/07/09/11/19538783_sd_013.mp4|4,0|4,4|4,0|Suspense
178974|Millennium: Los hombres que no amaban a las mujeres|David Fincher|Rooney Mara,Daniel Craig,Christopher Plummer||13 de enero de 2012|//s3.vid.web.acsta.net/ES/nmedia/35/18/84/67/73/19250514_sd_013.mp4|4,0|3,9|3,5|Crimen,Suspense
53640|Sweeney Todd: El barbero diabólico de la calle Fleet|Tim Burton|Johnny Depp,Helena Bonham Carter,Alan Rickman||15 de febrero de 2008|//s3.vid.web.acsta.net/ES/nmedia/35/18/67/25/86/19390266_sd_013.mp4|4,0|3,9|4,0|Comedia musical,Suspense,Terror,Drama
228473|El puente de los espías|Steven Spielberg|Tom Hanks,Mark Rylance,Amy Ryan||4 de diciembre de 2015|//es.vid.web.acsta.net/nmedia/34/15/10/16/12/19542517_sd_013.mp4|4,0|4,2|4,5|Suspense
